Unnamed: 0,exam,resit
1,6.6,
2,4.8,8.3
3,7.1,
4,5.4,
5,5.2,
6,5.8,
7,6.8,
8,5.0,
9,2.7,5.6
10,4.6,8.2
11,,6.8
12,7.5,
13,6.6,
14,5.1,
15,4.7,7.3
16,7.5,
17,7.2,
18,7.4,
19,5.9,
20,6.6,
21,,7.7
22,7.2,
23,,4.9
24,5.1,
25,,7.3
26,5.0,
27,6.7,
28,9.5,
29,7.7,
30,,4.7
31,5.6,
32,7.7,
33,9.7,
34,5.8,
35,7.7,
36,,5.0
37,5.2,
38,6.6,
39,,5.9
40,7.4,
41,4.6,7.3
42,,5.2
43,,7.1
44,6.5,
45,5.1,
46,7.5,
47,9.2,
48,4.6,
49,5.9,
50,10.0,
51,5.7,
52,1.9,5.6
53,7.0,
54,8.8,
55,5.9,
56,,9.0
57,6.2,
58,3.5,
59,5.5,
60,5.2,
61,2.8,5.8
62,5.7,
63,7.0,
64,2.8,5.4
65,5.2,
66,,9.0
67,,6.4
68,6.0,
69,5.3,
70,4.8,6.7
71,6.5,
72,5.7,
73,7.6,
74,2.2,
75,6.8,
76,3.6,6.0
77,5.3,
78,,3.3
79,4.5,5.7
80,,8.4
81,7.3,
82,5.8,
83,,6.6
84,,4.6
85,6.7,
86,,5.5
87,4.8,7.4
88,5.4,
89,6.7,
90,3.6,6.5
91,7.0,
92,8.2,
93,5.4,
94,,4.5
95,7.1,
96,6.3,
97,,3.8
98,3.2,6.5
99,6.5,
100,10.0,
101,,4.6
102,5.5,
103,6.6,
104,5.4,
105,4.6,
106,5.1,
107,4.2,7.6
108,6.9,
109,5.5,
110,5.9,
111,7.6,
112,6.3,
113,7.6,
114,1.5,4.8
115,7.5,
116,7.2,
117,5.8,
118,3.3,6.4
119,,7.2
120,5.8,
121,4.4,7.9
122,,7.7
123,,8.0
124,,5.3
125,5.8,
126,6.4,
127,7.0,
128,6.1,
129,6.8,
130,8.6,
131,5.2,
132,8.4,
133,4.6,
134,7.2,
135,5.8,
136,5.3,
137,5.0,
138,5.5,
139,7.5,
140,5.1,
141,5.6,
142,6.7,
143,,5.3
144,5.9,
145,,4.5
146,6.9,
147,6.1,
148,6.0,
149,3.1,5.6
150,,6.8
151,6.8,
152,4.4,7.6
153,3.2,5.3
154,,7.4
155,6.5,
156,5.7,
157,4.2,7.2
158,,7.1
159,5.0,
160,,7.7
161,5.7,
162,4.5,8.4
163,1.8,5.4
164,6.4,
165,2.6,4.7
166,6.8,
167,4.5,7.7
168,,5.4
169,,6.8
170,,5.6
171,5.5,
172,6.8,
173,6.0,
174,6.5,
175,5.7,
176,,9.2
177,6.3,
178,,4.9
179,,6.8
180,5.4,
181,9.1,
182,5.6,
183,3.8,6.6
184,4.0,
185,5.1,
186,3.5,6.9
187,,4.6
188,4.4,7.8
189,5.1,
190,8.8,
191,7.6,
192,9.3,
193,,9.7
194,5.0,
195,,6.6
196,6.3,
197,5.5,
198,4.2,7.7
199,4.6,7.9
200,6.9,
201,6.7,
202,4.5,9.0
203,8.1,
204,7.2,
205,,7.7
206,6.9,
207,,5.9
208,,5.2
209,5.6,
210,6.8,
211,6.9,
212,7.3,
213,6.9,
214,9.1,
215,5.1,
216,4.6,8.0
217,5.9,
218,6.1,
219,5.0,
220,9.0,
221,5.6,
222,3.7,
223,,6.2
224,6.8,
225,6.6,
226,5.9,
227,,4.6
228,4.7,7.7
229,5.3,
230,6.1,
231,7.7,
232,,5.3
233,4.3,7.1
234,6.0,
235,3.1,5.5
236,,7.1
237,9.2,
238,5.5,
239,6.1,
240,6.1,
241,4.9,7.3
242,5.1,
243,7.3,
244,8.5,
245,7.4,
246,6.5,
247,7.6,
248,4.2,6.2
249,7.2,
250,6.7,
251,6.2,
252,,5.4
253,6.7,
254,5.8,
255,6.6,
256,,7.4
257,6.3,
258,6.4,
259,7.9,
260,5.5,
261,6.7,
262,5.8,
263,7.1,
264,,4.2
265,5.9,
266,5.6,
267,6.4,
268,7.6,
269,4.7,7.0
270,2.1,
271,6.4,
272,5.6,
273,5.4,
274,7.6,
275,6.8,
276,6.4,
277,6.7,
278,,7.5
279,4.6,7.4
280,5.1,
281,,2.0
282,5.6,
283,8.0,
284,,5.3
285,5.0,
286,5.3,
287,9.1,
288,3.6,5.6
289,4.8,
290,4.4,6.5
291,7.0,
292,6.7,
293,6.3,
294,,3.3
295,6.5,
296,5.6,
297,9.2,
298,6.7,
299,6.2,
300,4.4,7.5
301,5.4,
302,8.1,
303,6.4,
304,6.1,
305,4.6,7.6
306,6.6,
307,7.1,
308,6.7,
309,6.3,
310,,4.5
311,4.9,7.4
312,,3.4
313,6.4,
314,6.1,
315,7.2,
316,6.0,
317,6.5,
318,6.8,
319,5.6,
320,3.7,6.4
321,7.0,
322,5.6,
323,3.3,5.6
324,,7.6
325,6.8,
326,5.2,
327,5.3,
328,5.4,
329,5.3,
330,,6.8
331,,6.5
332,,3.3
333,6.6,
334,5.5,
335,5.3,
336,6.3,
337,5.0,
338,4.4,6.8
339,5.9,
340,8.3,
341,3.0,5.5
342,6.5,
343,7.4,
344,7.0,
345,6.3,
346,6.5,
347,7.6,
348,6.2,
349,6.4,
350,8.1,
351,6.4,
352,5.7,
353,2.9,5.6
354,5.3,
355,8.3,
356,7.2,
357,4.3,6.0
358,,6.0
359,5.1,
360,6.2,
361,5.8,
362,6.1,
363,,7.5
364,9.3,
365,5.9,
366,8.2,
367,8.1,
368,6.0,
369,6.0,
370,5.2,
371,6.7,
372,5.7,
373,,6.4
374,4.9,9.4
375,,6.3
376,,7.9
377,6.4,
378,,5.9
379,6.8,
380,9.1,
381,,5.0
382,5.4,
383,7.0,
384,8.2,
385,,7.8
386,,6.4
387,6.3,
388,5.1,
389,5.1,
390,6.9,
391,7.3,
392,7.4,
393,4.4,
394,5.5,
395,4.5,8.5
396,6.9,
397,6.2,
398,,2.2
399,6.5,
400,3.7,6.8
401,3.8,7.5
402,3.7,7.6
403,5.3,
404,,3.5
405,8.7,
406,8.2,
407,6.3,
408,6.7,
409,6.0,
410,7.4,
411,7.1,
412,5.6,
413,6.5,
414,5.9,
415,4.7,7.3
416,,8.9
417,7.0,
418,5.9,
419,5.4,
420,,7.9
421,5.6,
422,9.5,
423,5.5,
424,8.3,
425,6.3,
426,,4.9
427,,5.6
428,8.2,
429,4.5,7.9
430,,6.8
431,7.6,
432,,7.1
433,6.9,
434,5.4,
435,6.4,
436,5.0,
437,3.9,
438,7.2,
439,6.7,
440,3.2,7.1
441,8.6,
442,6.2,
443,3.1,6.8
444,7.1,
445,,4.1
446,9.0,
447,,4.7
448,6.8,
449,9.1,
450,8.8,
451,5.2,
452,5.6,
453,,5.2
454,7.8,
455,8.4,
456,5.4,
457,,5.1
458,,4.5
459,5.1,
460,4.3,
461,5.0,
462,6.8,
463,,7.1
464,4.8,7.4
465,4.8,
466,6.1,
467,6.8,
468,7.1,
469,5.2,
470,,5.3
471,3.8,6.8
472,3.1,6.0
473,8.0,
474,,4.1
475,5.9,
476,6.4,
477,5.4,
478,2.8,5.9
479,,6.5
480,6.1,
481,6.6,
482,,4.7
483,5.5,
484,5.2,
485,4.3,6.5
486,,7.9
487,8.2,
488,,4.7
489,4.0,7.5
490,6.9,
491,9.5,
492,5.2,
493,10.0,
494,4.9,7.9
495,7.0,
496,7.2,
497,5.4,
498,5.8,
499,4.2,6.7
500,6.6,
501,5.6,
502,,5.3
503,,7.4
504,5.1,
505,5.9,
506,,5.6
507,7.0,
508,6.4,
509,6.9,
510,3.9,7.2
511,,6.9
512,8.8,
513,5.1,
514,6.6,
515,4.6,7.2
516,6.4,
517,6.6,
518,6.7,
519,7.6,
520,5.9,
521,,5.7
522,5.9,
523,8.4,
524,,9.4
525,4.5,7.4
526,5.8,
527,3.8,7.4
528,5.4,
529,4.7,7.1
530,8.3,
531,5.9,
532,,6.3
533,3.5,7.4
534,5.3,
535,5.9,
536,,7.9
537,5.3,
538,4.9,7.3
539,7.4,
540,4.9,7.1
541,7.4,
542,4.8,8.7
543,7.5,
544,7.9,
545,4.0,7.1
546,8.1,
547,3.4,6.1
548,7.9,
549,5.4,
550,8.8,
551,6.8,
552,7.3,
553,7.7,
554,6.2,
555,6.4,
556,8.5,
557,7.4,
558,5.4,
559,6.6,
560,7.1,
561,5.4,
562,9.0,
563,5.0,
564,6.4,
565,7.4,
566,5.7,
567,5.1,
568,3.7,6.3
569,5.7,
570,6.5,
571,5.5,
572,8.3,
573,4.2,7.8
574,7.2,
575,7.4,
576,4.3,
577,3.6,
578,7.4,
579,7.6,
580,4.8,7.3
581,5.1,
582,,6.1
583,6.0,
584,,4.1
585,4.9,8.3
586,3.6,
587,3.0,5.7
588,7.6,
589,7.2,
590,7.7,
591,8.3,
592,,5.8
593,9.0,
594,4.0,7.4
595,5.6,
596,5.8,
597,5.0,
598,5.4,
599,8.0,
600,7.8,
601,4.0,7.0
602,4.7,8.1
603,7.6,
604,,3.3
605,,4.4
606,8.9,
607,7.4,
608,6.3,
609,6.1,
610,4.9,7.5
611,3.0,6.1
612,,4.0
613,5.9,
614,,6.0
615,6.7,
616,6.0,
617,7.0,
618,6.4,
619,6.2,
620,4.3,
621,5.8,
622,3.4,6.6
623,8.3,
624,,8.7
625,5.8,
626,8.5,
627,4.1,
628,,5.0
629,6.6,
630,6.9,
631,,8.4
632,6.9,
633,,5.2
634,6.0,
635,6.3,
636,7.1,
637,7.6,
638,5.6,
639,,5.8
640,6.3,
641,5.7,
642,5.3,
643,,7.6
644,,9.5
645,6.8,
646,9.0,
647,4.4,7.8
648,7.5,
649,,6.5
650,7.9,
651,8.4,
652,5.4,
653,4.9,8.0
654,6.0,
655,5.5,
656,7.4,
657,4.2,7.1
658,4.3,
659,5.8,
660,6.3,
661,7.1,
662,4.8,7.1
663,2.0,
664,6.6,
665,3.4,6.9
666,5.0,
667,8.3,
668,7.5,
669,6.2,
670,8.1,
671,6.2,
672,,6.7
673,,7.1
674,9.7,
675,6.1,
676,5.9,
677,,6.5
678,6.3,
679,7.4,
680,6.3,
681,,5.0
682,4.2,7.3
683,5.7,
684,6.5,
685,9.0,
686,7.4,
687,4.6,
688,5.2,
689,,5.6
690,5.7,
691,9.8,
692,7.3,
693,5.9,
694,2.4,5.9
695,,7.5
696,5.9,
697,,5.5
698,7.3,
699,8.3,
700,6.9,
701,4.7,
702,,6.4
703,7.8,
704,8.1,
705,6.9,
706,7.9,
707,8.4,
708,,8.2
709,6.3,
710,7.7,
711,7.0,
712,6.5,
713,5.6,
714,5.2,
715,5.8,
716,7.4,
717,5.8,
718,4.1,7.0
719,7.9,
720,,4.8
721,8.7,
722,6.7,
723,5.1,
724,5.3,
725,4.6,9.1
726,,5.6
727,5.6,
728,6.7,
729,7.0,
730,4.5,7.6
731,5.0,
732,4.0,6.2
733,4.0,
734,6.6,
735,7.6,
736,5.7,
737,4.6,7.3
738,3.4,5.7
739,6.8,
740,5.0,
741,,6.0
742,7.5,
743,7.0,
744,3.8,7.0
745,5.2,
746,8.2,
747,6.1,
748,4.8,7.8
749,2.5,6.0
750,3.8,6.3
751,4.8,7.7
752,5.1,
753,5.4,
754,4.6,7.9
755,5.3,
756,6.9,
757,,4.3
758,7.8,
759,5.0,
760,6.5,
761,,9.3
762,8.7,
763,6.4,
764,7.1,
765,4.4,
766,4.5,6.9
767,6.4,
768,4.9,8.5
769,7.0,
770,5.1,
771,8.5,
772,6.0,
773,5.9,
774,4.7,7.6
775,5.3,
776,8.1,
777,4.9,8.3
778,7.7,
779,6.0,
780,5.4,
781,8.0,
782,8.6,
783,6.7,
784,4.7,7.7
785,,5.8
786,6.1,
787,3.7,6.6
788,,5.0
789,5.9,
790,5.5,
791,5.4,
792,5.1,
793,5.2,
794,,4.7
795,5.5,
796,6.7,
797,7.0,
798,5.2,
799,8.7,
800,7.3,
801,6.6,
802,6.9,
803,,7.0
804,7.9,
805,8.7,
806,5.8,
807,5.4,
808,6.1,
809,6.5,
810,6.5,
811,,3.3
812,6.4,
813,5.7,
814,8.4,
815,5.1,
816,,6.2
817,,7.6
818,5.3,
819,5.6,
820,3.5,7.0
821,5.6,
822,6.8,
823,,4.3
824,5.0,
825,7.2,
826,5.9,
827,7.2,
828,6.0,
829,4.1,7.8
830,5.4,
831,7.9,
832,4.6,
833,,5.8
834,,10.0
835,,6.3
836,5.8,
837,8.6,
838,6.9,
839,8.3,
840,3.9,7.1
841,7.1,
842,8.4,
843,4.6,
844,3.6,7.1
845,4.0,6.5
846,4.8,6.8
847,4.4,6.9
848,2.5,6.2
849,6.5,
850,,5.7
851,6.3,
852,6.7,
853,6.0,
854,,6.2
855,6.1,
856,2.2,5.3
857,4.2,8.0
858,7.2,
859,6.6,
860,6.1,
861,6.1,
862,5.0,
863,6.2,
864,4.9,
865,5.6,
866,6.8,
867,5.4,
868,4.1,7.0
869,3.0,6.1
870,4.2,
871,,5.0
872,5.4,
873,6.6,
874,2.9,6.4
875,5.7,
876,7.2,
877,3.0,6.0
878,6.1,
879,7.9,
880,5.2,
881,7.2,
882,3.4,6.5
883,5.0,
884,7.5,
885,4.6,7.2
886,5.1,
887,4.5,
888,7.2,
889,8.2,
890,6.0,
891,5.8,
892,,6.0
893,6.3,
894,7.6,
895,8.0,
896,4.6,7.4
897,6.7,
898,6.0,
899,6.2,
900,5.7,
901,,5.3
902,5.3,
903,7.7,
904,4.5,7.4
905,7.1,
906,6.4,
907,6.3,
908,8.2,
909,9.6,
910,2.5,5.5
911,,9.7
912,6.4,
913,,6.2
914,6.1,
915,6.1,
916,7.8,
917,5.0,
918,,6.0
919,7.1,
920,5.7,
921,4.8,8.5
922,,7.8
923,4.5,6.8
924,,6.6
925,7.8,
926,6.0,
927,4.4,7.9
928,6.8,
929,,4.8
930,6.2,
931,4.7,
932,3.7,7.1
933,,6.8
934,,5.1
935,8.0,
936,9.8,
937,4.2,7.8
938,,4.9
939,4.0,6.7
940,7.0,
941,7.2,
942,5.9,
943,5.3,
944,6.4,
945,6.7,
946,4.3,6.9
947,4.0,8.1
948,5.9,
949,3.7,6.3
950,6.0,
951,7.6,
952,8.8,
953,6.0,
954,6.1,
955,,4.1
956,7.5,
957,6.0,
958,6.5,
959,6.5,
960,,3.6
961,,3.2
962,4.8,8.4
963,3.3,6.8
964,5.0,
965,5.9,
966,4.5,7.4
967,3.4,6.8
968,7.4,
969,4.6,7.4
970,,6.7
971,,4.3
972,5.3,
973,5.3,
974,5.7,
975,3.1,5.8
976,4.9,
977,6.1,
978,7.7,
979,7.7,
980,,7.7
981,5.0,
982,6.5,
983,8.0,
984,6.6,
985,,7.0
986,,7.9
987,,5.2
988,6.2,
989,,6.6
990,5.8,
991,8.4,
992,,5.6
993,6.3,
994,4.5,
995,6.1,
996,6.2,
997,5.1,
998,6.1,
999,,6.9
1000,5.1,
1001,7.0,
1002,8.1,
1003,6.0,
1004,,2.7
1005,5.8,
1006,6.1,
1007,2.4,6.3
1008,6.3,
1009,3.5,6.3
1010,6.0,
1011,7.6,
1012,6.2,
1013,4.2,7.6
1014,6.4,
1015,,4.3
1016,,7.6
1017,,7.0
1018,7.3,
1019,4.8,8.3
1020,7.0,
1021,,6.3
1022,4.6,
1023,6.1,
1024,5.6,
1025,3.6,7.0
1026,5.2,
1027,8.0,
1028,6.8,
1029,6.0,
1030,6.9,
1031,7.1,
1032,7.1,
1033,7.5,
1034,6.1,
1035,,6.5
1036,7.1,
1037,5.0,
1038,,7.9
1039,7.6,
1040,,5.8
1041,6.4,
1042,,5.2
1043,6.4,
1044,8.0,
1045,7.5,
1046,5.7,
1047,7.5,
1048,5.8,
1049,5.5,
1050,4.6,
1051,3.0,6.4
1052,,3.1
1053,6.6,
1054,,2.7
1055,4.0,7.0
1056,,8.8
1057,5.1,
1058,4.5,9.1
1059,6.3,
1060,4.4,7.4
1061,6.3,
1062,6.2,
1063,5.8,
1064,6.9,
1065,,4.9
1066,6.2,
1067,8.9,
1068,4.7,7.2
1069,8.5,
1070,6.4,
1071,6.5,
1072,5.1,
1073,8.5,
1074,6.1,
1075,7.3,
1076,4.9,7.7
1077,7.5,
1078,3.6,6.6
1079,,6.2
1080,6.5,
1081,,6.3
1082,5.7,
1083,,2.6
1084,4.7,6.9
1085,5.9,
1086,7.7,
1087,7.2,
1088,6.0,
1089,5.1,
1090,5.5,
1091,5.2,
1092,3.3,6.3
1093,7.7,
1094,9.4,
1095,,5.1
1096,5.5,
1097,2.8,6.1
1098,3.8,5.7
1099,5.7,
1100,,5.9
1101,4.8,8.3
1102,6.2,
1103,7.7,
1104,7.0,
1105,5.0,
1106,6.8,
1107,6.2,
1108,4.8,8.1
1109,6.2,
1110,,5.4
1111,5.9,
1112,6.4,
1113,,7.3
1114,,6.5
1115,,4.1
1116,5.6,
1117,4.1,
1118,7.2,
1119,8.6,
1120,6.8,
1121,6.8,
1122,,6.8
1123,4.6,
1124,4.2,6.9
1125,4.4,7.3
1126,5.6,
1127,5.5,
1128,6.1,
1129,5.7,
1130,7.2,
1131,7.6,
1132,5.5,
1133,4.4,7.0
1134,5.6,
1135,2.6,5.6
1136,7.5,
1137,5.8,
1138,6.9,
1139,,4.8
1140,4.9,7.8
1141,5.6,
1142,4.3,7.3
1143,7.4,
1144,6.5,
1145,5.4,
1146,3.7,6.6
1147,4.3,6.7
1148,6.8,
1149,6.5,
1150,5.9,
1151,6.7,
1152,7.4,
1153,4.5,
1154,6.0,
1155,,8.6
1156,4.8,7.4
1157,6.4,
1158,5.1,
1159,7.7,
1160,6.9,
1161,5.3,
1162,7.0,
1163,,7.2
1164,7.9,
1165,6.3,
1166,7.8,
1167,4.0,8.0
1168,5.2,
1169,,5.7
1170,,1.9
1171,4.3,6.8
1172,9.6,
1173,4.8,8.0
1174,7.2,
1175,7.7,
1176,4.0,6.9
1177,3.9,
1178,6.7,
1179,9.0,
1180,3.5,6.8
1181,7.1,
1182,,4.1
1183,4.8,7.7
1184,6.9,
1185,7.3,
1186,8.3,
1187,7.0,
1188,6.1,
1189,7.8,
1190,5.1,
1191,,7.7
1192,6.8,
1193,5.4,
1194,6.1,
1195,6.0,
1196,4.4,7.1
1197,7.7,
1198,5.8,
1199,5.4,
1200,,5.8
1201,7.7,
1202,5.2,
1203,,6.8
1204,4.4,8.2
1205,7.7,
1206,7.7,
1207,,3.7
1208,3.4,6.4
1209,,5.8
1210,6.7,
1211,6.9,
1212,,6.7
1213,4.7,8.1
1214,5.8,
1215,3.7,7.0
1216,7.7,
1217,7.0,
1218,6.6,
1219,5.7,
1220,5.2,
1221,4.9,7.5
1222,3.5,6.5
1223,10.0,
1224,,4.4
1225,6.3,
1226,5.9,
1227,5.5,
1228,7.3,
1229,5.9,
1230,6.8,
1231,6.8,
1232,10.0,
1233,4.5,7.7
1234,7.4,
1235,3.9,7.2
1236,2.7,
1237,7.8,
1238,,6.2
1239,9.8,
1240,7.3,
1241,5.9,
1242,6.5,
1243,5.3,
1244,5.5,
1245,,2.6
1246,5.0,
1247,,10.0
1248,7.1,
1249,5.3,
1250,6.9,
1251,6.4,
1252,6.0,
1253,7.5,
1254,4.8,8.0
1255,4.8,7.4
1256,5.7,
1257,5.0,
1258,6.0,
1259,,5.2
1260,5.9,
1261,,6.6
1262,7.2,
1263,4.9,8.2
1264,7.9,
1265,5.6,
1266,4.7,7.4
1267,4.7,7.8
1268,4.7,
1269,6.0,
1270,6.2,
1271,5.3,
1272,6.5,
1273,6.6,
1274,3.2,6.3
1275,7.1,
1276,6.5,
1277,4.4,8.2
1278,3.2,6.8
1279,5.8,
1280,6.5,
1281,6.9,
1282,5.7,
1283,5.1,
1284,7.3,
1285,5.4,
1286,7.5,
1287,,5.7
1288,4.9,7.5
1289,5.2,
1290,4.4,7.0
1291,4.9,7.8
1292,5.7,
1293,6.2,
1294,,5.5
1295,6.3,
1296,,7.8
1297,,7.3
1298,6.7,
1299,7.9,
1300,,5.9
1301,4.6,7.6
1302,6.2,
1303,8.0,
1304,7.8,
1305,7.2,
1306,7.0,
1307,6.5,
1308,,6.6
1309,8.1,
1310,,6.8
1311,5.4,
1312,4.1,7.5
1313,4.9,7.2
1314,7.0,
1315,5.9,
1316,6.6,
1317,9.4,
1318,9.0,
1319,7.2,
1320,5.8,
1321,5.0,
1322,3.5,6.1
1323,5.1,
1324,8.2,
1325,,7.3
1326,,8.8
1327,6.7,
1328,5.3,
1329,7.6,
1330,,5.0
1331,6.5,
1332,6.6,
1333,7.1,
1334,6.8,
1335,,7.3
1336,4.4,
1337,7.4,
1338,3.8,
1339,6.1,
1340,8.2,
1341,6.1,
1342,6.4,
1343,5.0,
1344,5.2,
1345,3.6,6.7
1346,6.0,
1347,6.3,
1348,5.5,
1349,5.1,
1350,6.2,
1351,6.7,
1352,5.7,
1353,8.1,
1354,5.1,
1355,5.9,
1356,4.6,7.3
1357,,5.6
1358,,8.8
1359,,8.5
1360,3.5,6.8
1361,5.6,
1362,4.9,8.2
1363,6.6,
1364,7.1,
1365,3.2,6.2
1366,2.9,5.7
1367,,7.1
1368,7.9,
1369,,6.6
1370,4.4,7.5
1371,4.8,8.3
1372,3.7,6.3
1373,6.8,
1374,3.9,
1375,,5.0
1376,6.1,
1377,7.5,
1378,6.7,
1379,5.7,
1380,6.4,
1381,6.2,
1382,5.3,
1383,6.0,
1384,5.3,
1385,5.8,
1386,2.9,5.5
1387,5.8,
1388,4.8,8.1
1389,5.7,
1390,,6.7
1391,6.7,
1392,,5.4
1393,5.8,
1394,6.5,
1395,7.0,
1396,8.3,
1397,,7.7
1398,2.8,5.8
1399,5.8,
1400,6.5,
1401,,6.0
1402,7.7,
1403,6.5,
1404,7.5,
1405,,8.9
1406,4.2,6.6
1407,5.9,
1408,7.1,
1409,7.2,
1410,6.2,
1411,5.3,
1412,,8.0
1413,5.8,
1414,9.1,
1415,4.2,7.2
1416,9.6,
1417,7.5,
1418,,2.7
1419,6.3,
1420,,7.2
1421,5.9,
1422,4.2,7.3
1423,3.3,6.4
1424,1.9,
1425,7.2,
1426,4.9,8.3
1427,8.8,
1428,5.7,
1429,6.6,
1430,7.6,
1431,4.3,7.2
1432,4.8,7.4
1433,7.1,
1434,5.3,
1435,2.9,6.6
1436,,5.8
1437,7.7,
1438,,6.9
1439,6.1,
1440,4.6,
1441,4.6,
1442,4.9,
1443,4.3,
1444,,6.3
1445,3.9,
1446,7.2,
1447,4.8,8.6
1448,5.4,
1449,,5.3
1450,4.9,7.9
1451,4.0,
1452,8.2,
1453,,6.2
1454,4.9,8.0
1455,3.2,
1456,7.4,
1457,5.3,
1458,5.4,
1459,6.5,
1460,5.4,
1461,6.2,
1462,6.8,
1463,9.8,
1464,5.2,
1465,7.4,
1466,7.0,
1467,4.5,7.5
1468,5.6,
1469,7.7,
1470,,5.2
1471,5.2,
1472,5.3,
1473,3.8,6.8
1474,5.3,
1475,6.7,
1476,5.2,
1477,3.8,6.1
1478,4.2,6.7
1479,4.6,7.2
1480,8.1,
1481,8.0,
1482,6.4,
1483,4.2,5.5
1484,6.2,
1485,,8.4
1486,7.5,
1487,,2.3
1488,5.7,
1489,7.2,
1490,4.8,6.9
1491,4.6,6.8
1492,,5.7
1493,6.9,
1494,7.4,
1495,5.8,
1496,6.0,
1497,7.8,
1498,4.4,6.3
1499,4.8,7.6
1500,8.9,
1501,,3.7
1502,5.1,
1503,8.9,
1504,4.5,8.4
1505,6.4,
1506,5.4,
1507,1.9,5.9
1508,4.2,7.3
1509,5.7,
1510,7.0,
1511,4.6,7.0
1512,,5.9
1513,7.1,
1514,4.3,7.3
1515,4.7,8.1
1516,6.8,
1517,5.3,
1518,6.3,
1519,4.1,
1520,6.7,
1521,6.2,
1522,6.4,
1523,4.6,7.5
1524,,4.3
1525,6.2,
1526,4.0,
1527,5.5,
1528,8.4,
1529,5.2,
1530,8.4,
1531,3.7,6.1
1532,,5.5
1533,,4.2
1534,5.1,
1535,,5.2
1536,6.6,
1537,3.8,
1538,,5.9
1539,,3.9
1540,5.9,
1541,6.6,
1542,3.7,7.0
1543,,8.8
1544,8.5,
1545,6.6,
1546,5.6,
1547,,6.9
1548,6.7,
1549,,5.6
1550,7.4,
1551,7.2,
1552,4.9,
1553,6.6,
1554,6.1,
1555,5.2,
1556,5.8,
1557,,4.3
1558,4.5,
1559,7.2,
1560,5.4,
1561,6.3,
1562,6.8,
1563,9.3,
1564,4.2,7.2
1565,,6.1
1566,7.4,
1567,,6.5
1568,6.9,
1569,8.4,
1570,5.3,
1571,,6.0
1572,6.4,
1573,6.2,
1574,6.9,
1575,,5.7
1576,4.5,7.5
1577,5.9,
1578,6.9,
1579,4.6,7.3
1580,,7.3
1581,7.2,
1582,7.4,
1583,,4.9
1584,8.1,
1585,5.5,
1586,,4.8
1587,4.2,
1588,,3.3
1589,5.3,
1590,,5.5
1591,5.3,
1592,,5.7
1593,6.4,
1594,8.2,
1595,6.2,
1596,5.4,
1597,4.9,8.0
1598,6.6,
1599,,8.7
1600,,5.3
1601,,4.3
1602,7.6,
1603,6.0,
1604,6.7,
1605,,4.4
1606,,6.7
1607,4.6,7.6
1608,5.4,
1609,7.9,
1610,,4.6
1611,,4.0
1612,5.3,
1613,6.1,
1614,5.1,
1615,4.9,8.5
1616,4.0,
1617,5.8,
1618,6.9,
1619,,6.8
1620,6.9,
1621,6.2,
1622,5.8,
1623,,6.6
1624,,7.8
1625,,9.3
1626,4.5,8.0
1627,5.5,
1628,8.4,
1629,,5.3
1630,6.2,
1631,5.7,
1632,8.3,
1633,5.5,
1634,4.8,
1635,4.8,8.2
1636,6.3,
1637,7.7,
1638,,6.7
1639,3.8,6.5
1640,2.2,4.4
1641,6.8,
1642,5.6,
1643,4.9,7.8
1644,6.3,
1645,6.6,
1646,6.9,
1647,5.9,
1648,,6.3
1649,7.2,
1650,8.3,
1651,5.8,
1652,6.4,
1653,3.0,5.7
1654,,6.6
1655,8.0,
1656,4.0,
1657,,7.7
1658,5.6,
1659,6.0,
1660,8.0,
1661,5.9,
1662,,3.1
1663,6.1,
1664,,6.1
1665,4.2,7.4
1666,8.5,
1667,,6.4
1668,3.7,6.0
1669,,7.4
1670,8.2,
1671,7.0,
1672,5.6,
1673,2.1,4.1
1674,,5.1
1675,,6.6
1676,,5.9
1677,5.2,
1678,4.6,8.7
1679,5.3,
1680,6.0,
1681,5.7,
1682,,4.8
1683,5.2,
1684,,4.3
1685,8.0,
1686,6.9,
1687,8.4,
1688,5.1,
1689,5.8,
1690,5.6,
1691,7.2,
1692,3.0,6.3
1693,5.7,
1694,3.5,7.0
1695,3.9,
1696,5.2,
1697,8.3,
1698,6.9,
1699,,7.4
1700,2.4,5.0
1701,5.4,
1702,,5.4
1703,6.3,
1704,5.8,
1705,5.6,
1706,6.5,
1707,5.2,
1708,6.1,
1709,4.6,7.5
1710,6.3,
1711,5.5,
1712,7.9,
1713,5.1,
1714,,6.5
1715,6.4,
1716,3.6,
1717,5.0,
1718,7.5,
1719,5.3,
1720,6.4,
1721,,7.4
1722,5.1,
1723,5.3,
1724,8.0,
1725,7.3,
1726,6.3,
1727,,6.3
1728,4.0,
1729,7.6,
1730,5.2,
1731,5.6,
1732,3.6,7.2
1733,9.3,
1734,4.9,8.2
1735,4.1,
1736,,7.1
1737,5.8,
1738,5.8,
1739,4.4,7.1
1740,7.6,
1741,5.5,
1742,5.4,
1743,,5.0
1744,8.9,
1745,8.5,
1746,4.5,7.7
1747,7.0,
1748,4.5,
1749,8.6,
1750,5.6,
1751,5.4,
1752,,6.0
1753,4.9,8.0
1754,6.3,
1755,,4.4
1756,4.6,8.3
1757,,8.2
1758,6.5,
1759,7.1,
1760,8.9,
1761,6.1,
1762,6.1,
1763,4.8,7.5
1764,10.0,
1765,7.8,
1766,7.4,
1767,7.2,
1768,7.0,
1769,6.5,
1770,6.5,
1771,4.3,6.8
1772,3.8,6.2
1773,6.6,
1774,4.1,8.1
1775,,8.8
1776,5.9,
1777,6.0,
1778,5.6,
1779,4.9,
1780,5.6,
1781,3.0,5.6
1782,5.1,
1783,7.1,
1784,9.3,
1785,8.9,
1786,6.3,
1787,5.0,
1788,9.1,
1789,7.4,
1790,,3.2
1791,3.9,7.5
1792,7.2,
1793,,7.0
1794,,4.0
1795,4.3,
1796,4.5,7.1
1797,6.7,
1798,7.5,
1799,5.2,
1800,7.4,
1801,6.5,
1802,6.8,
1803,,7.6
1804,,4.8
1805,5.9,
1806,7.1,
1807,5.7,
1808,7.4,
1809,5.0,
1810,7.3,
1811,6.8,
1812,4.1,7.4
1813,,4.6
1814,8.0,
1815,7.3,
1816,5.0,
1817,5.9,
1818,6.2,
1819,5.9,
1820,7.7,
1821,8.0,
1822,7.5,
1823,,5.1
1824,,6.3
1825,,7.6
1826,8.0,
1827,5.7,
1828,4.5,7.5
1829,,5.0
1830,6.4,
1831,7.2,
1832,9.2,
1833,3.7,6.4
1834,6.0,
1835,9.1,
1836,6.9,
1837,7.2,
1838,3.3,
1839,,8.5
1840,6.5,
1841,3.0,5.9
1842,6.1,
1843,5.1,
1844,,5.2
1845,8.9,
1846,8.6,
1847,5.4,
1848,6.7,
1849,9.1,
1850,6.6,
1851,6.3,
1852,,4.9
1853,6.3,
1854,5.1,
1855,6.2,
1856,,6.0
1857,,6.9
1858,,7.0
1859,5.8,
1860,4.1,7.3
1861,5.2,
1862,3.6,6.8
1863,4.6,8.1
1864,4.1,
1865,5.2,
1866,4.2,
1867,6.4,
1868,5.9,
1869,5.9,
1870,7.3,
1871,7.2,
1872,8.7,
1873,,3.0
1874,4.8,7.1
1875,6.1,
1876,8.1,
1877,4.3,7.7
1878,4.9,8.7
1879,5.7,
1880,6.2,
1881,4.2,6.9
1882,5.0,
1883,6.4,
1884,5.8,
1885,4.6,7.6
1886,7.0,
1887,8.7,
1888,7.5,
1889,7.2,
1890,6.6,
1891,7.5,
1892,7.4,
1893,,6.4
1894,5.7,
1895,5.0,
1896,,4.8
1897,5.0,
1898,4.9,7.6
1899,7.4,
1900,6.9,
1901,4.9,9.3
1902,6.2,
1903,7.8,
1904,5.4,
1905,5.2,
1906,5.0,
1907,5.4,
1908,6.6,
1909,3.3,6.6
1910,7.6,
1911,4.1,7.9
1912,5.7,
1913,7.5,
1914,5.8,
1915,,7.9
1916,7.4,
1917,5.9,
1918,6.7,
1919,6.0,
1920,3.2,5.4
1921,5.9,
1922,3.9,
1923,,3.2
1924,5.8,
1925,7.9,
1926,7.3,
1927,4.6,8.0
1928,7.7,
1929,5.8,
1930,6.7,
1931,6.6,
1932,8.0,
1933,,6.0
1934,,8.3
1935,6.8,
1936,,5.8
1937,4.7,7.4
1938,3.1,6.4
1939,6.2,
1940,5.6,
1941,5.8,
1942,7.0,
1943,5.6,
1944,,4.0
1945,4.9,8.9
1946,8.4,
1947,5.5,
1948,5.2,
1949,6.1,
1950,3.9,6.9
1951,,4.8
1952,,6.1
1953,7.7,
1954,7.3,
1955,4.1,7.9
1956,,8.9
1957,5.6,
1958,,6.4
1959,,7.2
1960,7.4,
1961,5.1,
1962,5.9,
1963,7.8,
1964,4.6,
1965,6.6,
1966,5.3,
1967,5.8,
1968,7.1,
1969,6.3,
1970,5.9,
1971,5.2,
1972,7.1,
1973,,5.7
1974,4.8,8.1
1975,8.6,
1976,2.7,
1977,6.5,
1978,5.5,
1979,,7.1
1980,7.6,
1981,4.2,
1982,4.5,6.9
1983,2.3,5.2
1984,4.7,8.2
1985,3.9,
1986,6.6,
1987,4.9,7.8
1988,,4.1
1989,,6.8
1990,6.6,
1991,8.1,
1992,,6.8
1993,5.5,
1994,3.8,6.6
1995,4.0,7.7
1996,,7.4
1997,,8.5
1998,6.8,
1999,7.5,
2000,4.6,7.6
2001,7.6,
2002,6.9,
2003,8.0,
2004,,4.3
2005,,4.0
2006,,8.2
2007,6.3,
2008,7.0,
2009,6.3,
2010,,4.4
2011,4.9,7.2
2012,3.1,6.1
2013,5.1,
2014,4.3,6.8
2015,,4.7
2016,7.9,
2017,8.2,
2018,6.6,
2019,6.0,
2020,6.8,
2021,5.3,
2022,3.4,7.1
2023,4.6,7.1
2024,,7.4
2025,6.8,
2026,4.9,7.6
2027,7.4,
2028,6.3,
2029,4.3,6.5
2030,5.0,
2031,6.3,
2032,,7.2
2033,6.8,
2034,6.8,
2035,1.6,4.4
2036,7.9,
2037,,6.0
2038,2.7,
2039,,5.1
2040,4.4,7.6
2041,4.5,8.0
2042,7.6,
2043,9.6,
2044,,7.4
2045,7.1,
2046,7.7,
2047,5.5,
2048,5.5,
2049,4.5,8.0
2050,5.6,
2051,,4.2
2052,5.1,
2053,9.8,
2054,6.6,
2055,3.4,
2056,5.3,
2057,6.4,
2058,7.6,
2059,,7.2
2060,5.9,
2061,,6.7
2062,6.6,
2063,4.6,8.0
2064,7.7,
2065,6.0,
2066,4.2,7.6
2067,5.5,
2068,5.8,
2069,5.9,
2070,7.1,
2071,,8.3
2072,,6.4
2073,8.8,
2074,,4.2
2075,5.6,
2076,8.8,
2077,,6.3
2078,7.5,
2079,6.0,
2080,7.0,
2081,2.6,5.1
2082,,7.4
2083,3.5,6.5
2084,3.8,6.8
2085,7.1,
2086,6.2,
2087,5.4,
2088,,7.0
2089,3.8,6.9
2090,6.0,
2091,,4.7
2092,5.5,
2093,8.3,
2094,8.2,
2095,2.2,5.1
2096,6.4,
2097,,5.3
2098,4.7,7.2
2099,,7.6
2100,5.0,
2101,7.6,
2102,5.0,
2103,7.9,
2104,7.5,
2105,5.9,
2106,7.5,
2107,7.7,
2108,,6.3
2109,,10.0
2110,6.0,
2111,,6.7
2112,4.1,6.9
2113,5.3,
2114,5.3,
2115,5.9,
2116,6.5,
2117,9.3,
2118,4.3,8.0
2119,6.5,
2120,5.0,
2121,7.2,
2122,5.2,
2123,4.5,6.9
2124,6.3,
2125,5.8,
2126,5.6,
2127,,3.6
2128,6.4,
2129,6.0,
2130,8.4,
2131,5.5,
2132,5.3,
2133,5.0,
2134,5.2,
2135,5.8,
2136,5.9,
2137,6.4,
2138,5.3,
2139,8.1,
2140,,6.9
